Date,Time,Open,High,Low,Close,Volume,OI,weekday,day,week,day_flag,Wednesday,Flag
2020-01-08,09:17:00,30975.95,30975.95,30929.3,30929.3,0,0,Wednesday,8,2,True,2020-01-07 00:00:00,0
2020-01-08,09:44:00,31189.5,31275.25,31189.5,31252.0,0,0,Wednesday,8,2,True,2020-01-07 00:00:00,0
2020-01-08,09:45:00,31253.5,31354.85,31253.5,31298.85,0,0,Wednesday,8,2,True,2020-01-07 00:00:00,1
2020-01-08,10:17:00,31230.0,31260.55,31230.0,31254.55,0,0,Wednesday,8,2,True,2020-01-07 00:00:00,0
2020-01-08,10:18:00,31253.1,31298.05,31253.1,31275.15,0,0,Wednesday,8,2,True,2020-01-07 00:00:00,1
2020-01-08,10:20:00,31274.3,31284.1,31263.9,31263.9,0,0,Wednesday,8,2,True,2020-01-07 00:00:00,0
2020-01-08,10:21:00,31267.2,31292.2,31267.2,31280.5,0,0,Wednesday,8,2,True,2020-01-07 00:00:00,1
2020-01-08,14:09:00,31255.15,31271.7,31248.7,31268.15,0,0,Wednesday,8,2,True,2020-01-07 00:00:00,0
2020-01-08,14:10:00,31264.75,31325.2,31264.75,31312.45,0,0,Wednesday,8,2,True,2020-01-07 00:00:00,1
2020-01-08,14:26:00,31266.45,31282.15,31262.45,31282.15,0,0,Wednesday,8,2,True,2020-01-07 00:00:00,0
2020-01-08,14:27:00,31282.0,31286.7,31267.5,31275.6,0,0,Wednesday,8,2,True,2020-01-07 00:00:00,1
2020-01-08,14:35:00,31243.45,31272.9,31243.45,31270.55,0,0,Wednesday,8,2,True,2020-01-07 00:00:00,0
2020-01-08,14:36:00,31273.35,31301.15,31267.0,31288.0,0,0,Wednesday,8,2,True,2020-01-07 00:00:00,1
2020-02-05,09:17:00,30673.15,30722.1,30657.6,30717.25,0,0,Wednesday,5,6,True,2020-02-04 00:00:00,0
2020-02-05,14:28:00,30969.05,31017.4,30969.05,31010.95,0,0,Wednesday,5,6,True,2020-02-04 00:00:00,0
2020-02-05,14:29:00,31012.5,31041.55,31010.6,31030.65,0,0,Wednesday,5,6,True,2020-02-04 00:00:00,1
2020-02-05,15:26:00,31008.9,31029.05,31007.6,31024.45,0,0,Wednesday,5,6,True,2020-02-04 00:00:00,0
2020-02-05,15:27:00,31026.15,31037.3,31018.95,31036.75,0,0,Wednesday,5,6,True,2020-02-04 00:00:00,1
2020-02-06,09:36:00,30980.9,30991.75,30972.35,30990.55,0,0,Thursday,6,6,False,2020-02-04 00:00:00,0
2020-02-06,09:37:00,30992.05,31055.1,30989.8,31048.95,0,0,Thursday,6,6,False,2020-02-04 00:00:00,1
2020-02-06,10:05:00,30989.15,31024.4,30989.15,31021.55,0,0,Thursday,6,6,False,2020-02-04 00:00:00,0
2020-02-06,10:06:00,31024.75,31042.7,31024.75,31036.55,0,0,Thursday,6,6,False,2020-02-04 00:00:00,1
2020-02-06,10:14:00,31007.9,31008.1,30993.05,30998.45,0,0,Thursday,6,6,False,2020-02-04 00:00:00,0
2020-02-06,10:15:00,31001.8,31047.75,31000.5,31047.75,0,0,Thursday,6,6,False,2020-02-04 00:00:00,1
2020-02-06,10:19:00,31023.5,31027.0,31014.6,31021.05,0,0,Thursday,6,6,False,2020-02-04 00:00:00,0
2020-02-06,10:20:00,31018.6,31044.45,31018.6,31032.7,0,0,Thursday,6,6,False,2020-02-04 00:00:00,1
2020-02-06,10:25:00,31018.8,31019.45,31012.7,31015.65,0,0,Thursday,6,6,False,2020-02-04 00:00:00,0
2020-02-06,10:26:00,31016.75,31034.6,31013.35,31032.5,0,0,Thursday,6,6,False,2020-02-04 00:00:00,1
2020-02-06,10:33:00,31021.15,31024.9,31019.85,31020.8,0,0,Thursday,6,6,False,2020-02-04 00:00:00,0
2020-02-06,10:34:00,31020.35,31033.1,31017.7,31031.45,0,0,Thursday,6,6,False,2020-02-04 00:00:00,1
2020-02-06,11:45:00,30964.55,31010.6,30946.25,31002.0,0,0,Thursday,6,6,False,2020-02-04 00:00:00,0
2020-02-06,11:46:00,30998.8,31047.45,30967.15,31047.45,0,0,Thursday,6,6,False,2020-02-04 00:00:00,1
2020-02-10,10:03:00,31024.5,31026.1,31014.45,31026.05,0,0,Monday,10,6,False,2020-02-04 00:00:00,0
2020-02-10,10:04:00,31027.55,31044.9,31025.85,31041.0,0,0,Monday,10,6,False,2020-02-04 00:00:00,1
2020-02-10,10:11:00,31012.75,31015.75,31009.05,31014.7,0,0,Monday,10,6,False,2020-02-04 00:00:00,0
2020-02-10,10:12:00,31014.45,31029.7,31013.7,31024.9,0,0,Monday,10,6,False,2020-02-04 00:00:00,1
2020-02-10,10:16:00,31013.75,31027.45,31013.75,31022.55,0,0,Monday,10,6,False,2020-02-04 00:00:00,0
2020-02-10,10:17:00,31024.25,31035.5,31022.05,31029.3,0,0,Monday,10,6,False,2020-02-04 00:00:00,1
2020-02-10,10:20:00,31025.95,31028.2,31018.55,31021.35,0,0,Monday,10,6,False,2020-02-04 00:00:00,0
2020-02-10,10:21:00,31021.95,31033.7,31017.0,31028.95,0,0,Monday,10,6,False,2020-02-04 00:00:00,1
2020-02-10,10:25:00,31015.5,31018.9,31004.85,31009.1,0,0,Monday,10,6,False,2020-02-04 00:00:00,0
2020-02-10,10:26:00,31008.6,31030.85,31008.5,31023.75,0,0,Monday,10,6,False,2020-02-04 00:00:00,1
2020-02-10,10:51:00,31007.45,31025.8,31004.25,31025.8,0,0,Monday,10,6,False,2020-02-04 00:00:00,0
2020-02-10,10:52:00,31027.25,31041.5,31020.6,31035.55,0,0,Monday,10,6,False,2020-02-04 00:00:00,1
2020-02-10,11:05:00,31016.3,31026.0,31015.35,31023.75,0,0,Monday,10,6,False,2020-02-04 00:00:00,0
2020-02-10,11:06:00,31023.15,31039.35,31023.15,31038.5,0,0,Monday,10,6,False,2020-02-04 00:00:00,1
2020-02-10,11:35:00,31021.25,31028.15,31021.1,31027.25,0,0,Monday,10,6,False,2020-02-04 00:00:00,0
2020-02-10,11:36:00,31028.8,31029.85,31023.9,31024.25,0,0,Monday,10,6,False,2020-02-04 00:00:00,1
2020-02-10,11:40:00,31016.2,31023.25,31012.0,31012.0,0,0,Monday,10,6,False,2020-02-04 00:00:00,0
2020-02-10,11:41:00,31011.95,31029.55,31011.55,31022.2,0,0,Monday,10,6,False,2020-02-04 00:00:00,1
2020-02-10,14:20:00,31015.9,31020.85,31014.15,31020.05,0,0,Monday,10,6,False,2020-02-04 00:00:00,0
2020-02-10,14:21:00,31017.85,31046.3,31017.85,31046.3,0,0,Monday,10,6,False,2020-02-04 00:00:00,1
2020-02-10,15:01:00,31000.05,31011.05,30998.05,31011.05,0,0,Monday,10,6,False,2020-02-04 00:00:00,0
2020-02-10,15:02:00,31010.3,31050.4,31010.3,31039.6,0,0,Monday,10,6,False,2020-02-04 00:00:00,1
2020-03-25,09:17:00,17130.15,17225.55,17107.45,17212.55,0,0,Wednesday,25,13,True,2020-03-24 00:00:00,0
2020-03-25,12:34:00,17360.55,17391.1,17357.9,17378.85,0,0,Wednesday,25,13,True,2020-03-24 00:00:00,0
2020-03-25,12:35:00,17384.05,17406.8,17381.85,17396.5,0,0,Wednesday,25,13,True,2020-03-24 00:00:00,1
2020-04-01,09:17:00,18880.9,18919.15,18864.0,18867.75,0,0,Wednesday,1,14,True,2020-03-31 00:00:00,0
2020-04-07,15:10:00,19041.6,19082.3,19041.6,19076.5,0,0,Tuesday,7,14,False,2020-03-31 00:00:00,0
2020-04-07,15:11:00,19071.75,19115.65,19069.05,19115.65,0,0,Tuesday,7,14,False,2020-03-31 00:00:00,1
2020-04-08,09:17:00,18616.85,18646.75,18610.3,18646.75,0,0,Wednesday,8,15,True,2020-04-07 00:00:00,0
2020-04-08,09:30:00,18729.5,18787.85,18729.5,18787.85,0,0,Wednesday,8,15,True,2020-04-07 00:00:00,0
2020-04-08,09:31:00,18812.3,18895.1,18810.8,18845.0,0,0,Wednesday,8,15,True,2020-04-07 00:00:00,1
2020-04-08,09:38:00,18757.2,18790.05,18751.8,18777.2,0,0,Wednesday,8,15,True,2020-04-07 00:00:00,0
2020-04-08,09:39:00,18776.95,18844.05,18761.8,18844.05,0,0,Wednesday,8,15,True,2020-04-07 00:00:00,1
2020-04-08,14:09:00,18732.35,18746.15,18708.95,18740.75,0,0,Wednesday,8,15,True,2020-04-07 00:00:00,0
2020-04-08,14:10:00,18743.05,18846.6,18743.05,18832.05,0,0,Wednesday,8,15,True,2020-04-07 00:00:00,1
2020-04-08,14:14:00,18769.85,18805.2,18769.85,18788.45,0,0,Wednesday,8,15,True,2020-04-07 00:00:00,0
2020-04-08,14:15:00,18792.05,18845.2,18792.05,18808.7,0,0,Wednesday,8,15,True,2020-04-07 00:00:00,1
2020-04-08,14:33:00,18794.65,18829.75,18791.3,18803.15,0,0,Wednesday,8,15,True,2020-04-07 00:00:00,0
2020-04-08,14:34:00,18806.05,18845.45,18794.45,18843.2,0,0,Wednesday,8,15,True,2020-04-07 00:00:00,1
2020-04-15,09:17:00,19868.35,19954.05,19860.65,19922.25,0,0,Wednesday,15,16,True,2020-04-14 00:00:00,0
2020-04-15,10:48:00,20113.1,20131.0,20107.55,20131.0,0,0,Wednesday,15,16,True,2020-04-14 00:00:00,0
2020-04-15,10:49:00,20144.5,20184.1,20137.45,20145.75,0,0,Wednesday,15,16,True,2020-04-14 00:00:00,1
2020-04-17,10:29:00,20149.15,20149.15,20092.7,20095.85,0,0,Friday,17,16,False,2020-04-14 00:00:00,0
2020-04-17,10:30:00,20093.25,20154.1,20059.2,20128.9,0,0,Friday,17,16,False,2020-04-14 00:00:00,1
2020-04-17,14:22:00,20083.8,20127.2,20083.8,20112.8,0,0,Friday,17,16,False,2020-04-14 00:00:00,0
2020-04-17,14:23:00,20114.1,20158.45,20096.8,20150.3,0,0,Friday,17,16,False,2020-04-14 00:00:00,1
2020-04-17,14:24:00,20141.5,20147.45,20118.7,20135.55,0,0,Friday,17,16,False,2020-04-14 00:00:00,0
2020-04-17,14:25:00,20134.95,20194.75,20134.8,20163.65,0,0,Friday,17,16,False,2020-04-14 00:00:00,1
2020-04-17,14:40:00,20081.2,20147.25,20081.2,20145.75,0,0,Friday,17,16,False,2020-04-14 00:00:00,0
2020-04-17,14:41:00,20147.75,20203.7,20146.3,20176.8,0,0,Friday,17,16,False,2020-04-14 00:00:00,1
2020-04-22,09:17:00,19127.95,19205.1,19127.95,19205.1,0,0,Wednesday,22,17,True,2020-04-21 00:00:00,0
2020-04-22,10:35:00,19263.35,19353.85,19260.45,19313.4,0,0,Wednesday,22,17,True,2020-04-21 00:00:00,0
2020-04-22,10:36:00,19317.05,19415.4,19317.05,19401.7,0,0,Wednesday,22,17,True,2020-04-21 00:00:00,1
2020-04-22,10:39:00,19359.3,19359.3,19307.95,19307.95,0,0,Wednesday,22,17,True,2020-04-21 00:00:00,0
2020-04-22,10:40:00,19319.7,19442.55,19313.8,19442.55,0,0,Wednesday,22,17,True,2020-04-21 00:00:00,1
2020-04-22,11:37:00,19371.65,19382.75,19352.45,19352.45,0,0,Wednesday,22,17,True,2020-04-21 00:00:00,0
2020-04-22,11:38:00,19347.1,19408.15,19347.1,19408.15,0,0,Wednesday,22,17,True,2020-04-21 00:00:00,1
2020-04-22,13:18:00,19387.2,19396.2,19374.4,19388.85,0,0,Wednesday,22,17,True,2020-04-21 00:00:00,0
2020-04-22,13:19:00,19388.65,19429.2,19387.95,19417.95,0,0,Wednesday,22,17,True,2020-04-21 00:00:00,1
2020-04-22,13:55:00,19342.35,19395.65,19338.85,19382.85,0,0,Wednesday,22,17,True,2020-04-21 00:00:00,0
2020-04-22,13:56:00,19381.75,19403.45,19373.55,19401.2,0,0,Wednesday,22,17,True,2020-04-21 00:00:00,1
2020-04-22,14:05:00,19374.3,19380.65,19361.8,19377.8,0,0,Wednesday,22,17,True,2020-04-21 00:00:00,0
2020-04-22,14:06:00,19378.7,19451.35,19377.95,19446.6,0,0,Wednesday,22,17,True,2020-04-21 00:00:00,1
2020-04-29,09:17:00,20573.9,20585.0,20566.0,20571.55,0,0,Wednesday,29,18,True,2020-04-28 00:00:00,0
2020-04-29,11:13:00,20745.4,20759.85,20745.4,20748.55,0,0,Wednesday,29,18,True,2020-04-28 00:00:00,0
2020-04-29,11:14:00,20748.1,20792.55,20748.1,20785.55,0,0,Wednesday,29,18,True,2020-04-28 00:00:00,1
2020-04-29,11:23:00,20776.2,20777.0,20764.75,20772.25,0,0,Wednesday,29,18,True,2020-04-28 00:00:00,0
2020-04-29,11:24:00,20772.35,20795.2,20771.85,20792.45,0,0,Wednesday,29,18,True,2020-04-28 00:00:00,1
2020-04-29,11:39:00,20767.65,20775.75,20767.65,20775.75,0,0,Wednesday,29,18,True,2020-04-28 00:00:00,0
2020-04-29,11:40:00,20774.05,20800.0,20774.05,20795.6,0,0,Wednesday,29,18,True,2020-04-28 00:00:00,1
2020-04-29,11:47:00,20763.35,20765.85,20758.9,20765.7,0,0,Wednesday,29,18,True,2020-04-28 00:00:00,0
2020-04-29,11:48:00,20762.75,20795.35,20762.75,20794.7,0,0,Wednesday,29,18,True,2020-04-28 00:00:00,1
2020-04-29,12:09:00,20782.8,20788.2,20774.65,20781.55,0,0,Wednesday,29,18,True,2020-04-28 00:00:00,0
2020-04-29,12:10:00,20779.85,20793.8,20779.85,20789.65,0,0,Wednesday,29,18,True,2020-04-28 00:00:00,1
2020-04-29,12:14:00,20781.95,20783.2,20775.8,20780.5,0,0,Wednesday,29,18,True,2020-04-28 00:00:00,0
2020-04-29,12:15:00,20779.5,20791.7,20773.95,20791.7,0,0,Wednesday,29,18,True,2020-04-28 00:00:00,1
2020-04-29,12:37:00,20780.1,20782.05,20772.9,20779.5,0,0,Wednesday,29,18,True,2020-04-28 00:00:00,0
2020-04-29,12:38:00,20790.25,20803.7,20788.3,20798.75,0,0,Wednesday,29,18,True,2020-04-28 00:00:00,1
2020-04-29,12:46:00,20786.75,20789.0,20777.55,20786.3,0,0,Wednesday,29,18,True,2020-04-28 00:00:00,0
2020-04-29,12:47:00,20784.9,20816.9,20781.05,20815.85,0,0,Wednesday,29,18,True,2020-04-28 00:00:00,1
2020-04-29,13:58:00,20779.7,20787.95,20775.05,20775.1,0,0,Wednesday,29,18,True,2020-04-28 00:00:00,0
2020-04-29,13:59:00,20775.55,20792.35,20773.45,20787.5,0,0,Wednesday,29,18,True,2020-04-28 00:00:00,1
2020-04-29,14:00:00,20784.75,20789.7,20772.7,20778.25,0,0,Wednesday,29,18,True,2020-04-28 00:00:00,0
2020-04-29,14:01:00,20776.3,20798.45,20773.45,20798.45,0,0,Wednesday,29,18,True,2020-04-28 00:00:00,1
2020-05-06,09:17:00,19068.8,19072.25,19006.35,19045.0,0,0,Wednesday,6,19,True,2020-05-05 00:00:00,0
2020-05-06,09:55:00,19163.35,19205.25,19159.65,19204.8,0,0,Wednesday,6,19,True,2020-05-05 00:00:00,0
2020-05-06,09:56:00,19204.4,19397.8,19204.4,19384.8,0,0,Wednesday,6,19,True,2020-05-05 00:00:00,1
2020-05-11,11:33:00,19250.4,19256.35,19243.35,19251.85,0,0,Monday,11,19,False,2020-05-05 00:00:00,0
2020-05-11,11:34:00,19256.05,19263.2,19248.0,19257.85,0,0,Monday,11,19,False,2020-05-05 00:00:00,1
2020-05-11,11:46:00,19249.45,19261.9,19243.9,19259.65,0,0,Monday,11,19,False,2020-05-05 00:00:00,0
2020-05-11,11:47:00,19263.55,19269.15,19251.15,19251.25,0,0,Monday,11,19,False,2020-05-05 00:00:00,1
2020-05-11,11:57:00,19229.25,19254.55,19229.25,19253.35,0,0,Monday,11,19,False,2020-05-05 00:00:00,0
2020-05-11,11:58:00,19251.95,19274.7,19247.4,19274.3,0,0,Monday,11,19,False,2020-05-05 00:00:00,1
2020-05-11,12:00:00,19251.3,19259.8,19251.0,19253.95,0,0,Monday,11,19,False,2020-05-05 00:00:00,0
2020-05-11,12:01:00,19254.2,19273.6,19252.0,19264.65,0,0,Monday,11,19,False,2020-05-05 00:00:00,1
2020-05-11,12:06:00,19236.35,19248.55,19236.2,19248.55,0,0,Monday,11,19,False,2020-05-05 00:00:00,0
2020-05-11,12:07:00,19245.75,19265.1,19245.75,19255.25,0,0,Monday,11,19,False,2020-05-05 00:00:00,1
2020-05-11,12:08:00,19255.7,19262.95,19255.3,19262.95,0,0,Monday,11,19,False,2020-05-05 00:00:00,0
2020-05-11,12:09:00,19263.35,19278.5,19261.75,19273.55,0,0,Monday,11,19,False,2020-05-05 00:00:00,1
2020-05-11,12:42:00,19227.75,19248.35,19224.3,19247.05,0,0,Monday,11,19,False,2020-05-05 00:00:00,0
2020-05-11,12:43:00,19244.95,19276.9,19240.75,19264.2,0,0,Monday,11,19,False,2020-05-05 00:00:00,1
2020-05-11,12:47:00,19238.15,19245.1,19229.35,19238.15,0,0,Monday,11,19,False,2020-05-05 00:00:00,0
2020-05-11,12:48:00,19236.85,19272.35,19236.0,19272.35,0,0,Monday,11,19,False,2020-05-05 00:00:00,1
2020-05-20,09:17:00,17633.25,17638.7,17602.3,17611.15,0,0,Wednesday,20,21,True,2020-05-19 00:00:00,0
2020-05-20,14:22:00,17755.65,17808.9,17755.65,17795.05,0,0,Wednesday,20,21,True,2020-05-19 00:00:00,0
2020-05-20,14:23:00,17790.75,17857.3,17790.75,17827.9,0,0,Wednesday,20,21,True,2020-05-19 00:00:00,1
2020-05-20,14:53:00,17757.55,17786.85,17757.55,17786.85,0,0,Wednesday,20,21,True,2020-05-19 00:00:00,0
2020-05-20,14:54:00,17784.1,17819.9,17784.1,17802.05,0,0,Wednesday,20,21,True,2020-05-19 00:00:00,1
2020-05-20,14:58:00,17769.45,17797.6,17759.35,17785.65,0,0,Wednesday,20,21,True,2020-05-19 00:00:00,0
2020-05-20,14:59:00,17783.95,17825.9,17783.95,17817.05,0,0,Wednesday,20,21,True,2020-05-19 00:00:00,1
2020-05-20,15:09:00,17783.15,17791.5,17779.05,17781.85,0,0,Wednesday,20,21,True,2020-05-19 00:00:00,0
2020-05-20,15:10:00,17779.15,17817.2,17773.5,17810.5,0,0,Wednesday,20,21,True,2020-05-19 00:00:00,1
2020-05-20,15:14:00,17800.95,17814.85,17800.95,17813.15,0,0,Wednesday,20,21,True,2020-05-19 00:00:00,0
2020-05-20,15:15:00,17810.6,17852.2,17810.6,17848.5,0,0,Wednesday,20,21,True,2020-05-19 00:00:00,1
2020-05-21,14:29:00,17763.3,17795.95,17754.35,17782.65,0,0,Thursday,21,21,False,2020-05-19 00:00:00,0
2020-05-21,14:30:00,17781.8,17828.2,17781.8,17821.8,0,0,Thursday,21,21,False,2020-05-19 00:00:00,1
2020-05-21,14:33:00,17800.25,17808.7,17790.6,17808.0,0,0,Thursday,21,21,False,2020-05-19 00:00:00,0
2020-05-21,14:34:00,17820.35,17820.35,17796.4,17801.65,0,0,Thursday,21,21,False,2020-05-19 00:00:00,1
2020-05-22,09:34:00,17735.45,17745.9,17730.2,17740.25,0,0,Friday,22,21,False,2020-05-19 00:00:00,0
2020-05-22,09:35:00,17740.75,17819.9,17740.75,17798.3,0,0,Friday,22,21,False,2020-05-19 00:00:00,1
2020-05-22,10:02:00,17758.7,17767.2,17746.45,17766.15,0,0,Friday,22,21,False,2020-05-19 00:00:00,0
2020-05-22,10:03:00,17765.0,17909.3,17764.15,17848.5,0,0,Friday,22,21,False,2020-05-19 00:00:00,1
2020-05-27,09:17:00,17668.95,17668.95,17618.05,17622.65,0,0,Wednesday,27,22,True,2020-05-26 00:00:00,0
2020-05-27,10:42:00,17827.9,17839.15,17810.75,17814.9,0,0,Wednesday,27,22,True,2020-05-26 00:00:00,0
2020-05-27,10:43:00,17815.75,17851.2,17811.85,17848.95,0,0,Wednesday,27,22,True,2020-05-26 00:00:00,1
2020-05-27,11:21:00,17833.05,17845.45,17833.05,17842.6,0,0,Wednesday,27,22,True,2020-05-26 00:00:00,0
2020-05-27,11:22:00,17842.25,17848.9,17840.5,17843.95,0,0,Wednesday,27,22,True,2020-05-26 00:00:00,1
2020-05-27,11:36:00,17828.6,17834.55,17824.25,17832.7,0,0,Wednesday,27,22,True,2020-05-26 00:00:00,0
2020-05-27,11:37:00,17830.35,17849.7,17828.75,17839.65,0,0,Wednesday,27,22,True,2020-05-26 00:00:00,1
2020-05-27,11:45:00,17803.9,17828.15,17803.6,17826.25,0,0,Wednesday,27,22,True,2020-05-26 00:00:00,0
2020-05-27,11:46:00,17823.2,17848.05,17823.2,17846.45,0,0,Wednesday,27,22,True,2020-05-26 00:00:00,1
2020-05-27,12:08:00,17827.3,17841.05,17827.3,17839.45,0,0,Wednesday,27,22,True,2020-05-26 00:00:00,0
2020-05-27,12:09:00,17841.25,17853.3,17838.25,17852.0,0,0,Wednesday,27,22,True,2020-05-26 00:00:00,1
2020-06-03,09:17:00,21108.45,21121.65,21080.1,21114.65,0,0,Wednesday,3,23,True,2020-06-02 00:00:00,0
2020-06-03,13:39:00,21281.2,21319.85,21281.2,21311.05,0,0,Wednesday,3,23,True,2020-06-02 00:00:00,0
2020-06-03,13:40:00,21314.5,21346.8,21302.95,21346.8,0,0,Wednesday,3,23,True,2020-06-02 00:00:00,1
2020-06-03,13:43:00,21323.4,21323.4,21296.2,21320.1,0,0,Wednesday,3,23,True,2020-06-02 00:00:00,0
2020-06-03,13:44:00,21323.8,21334.95,21314.6,21319.3,0,0,Wednesday,3,23,True,2020-06-02 00:00:00,1
2020-06-03,13:46:00,21311.25,21331.1,21307.7,21327.0,0,0,Wednesday,3,23,True,2020-06-02 00:00:00,0
2020-06-03,13:47:00,21328.65,21342.6,21326.9,21332.5,0,0,Wednesday,3,23,True,2020-06-02 00:00:00,1
2020-06-03,14:51:00,21290.95,21327.2,21274.35,21327.2,0,0,Wednesday,3,23,True,2020-06-02 00:00:00,0
2020-06-03,14:52:00,21327.3,21334.6,21287.65,21294.35,0,0,Wednesday,3,23,True,2020-06-02 00:00:00,1
2020-06-08,12:36:00,21296.0,21303.2,21270.7,21303.2,0,0,Monday,8,23,False,2020-06-02 00:00:00,0
2020-06-08,12:37:00,21300.15,21346.8,21296.8,21341.05,0,0,Monday,8,23,False,2020-06-02 00:00:00,1
2020-06-08,13:06:00,21301.75,21329.3,21301.75,21313.9,0,0,Monday,8,23,False,2020-06-02 00:00:00,0
2020-06-08,13:07:00,21314.65,21342.8,21310.5,21329.3,0,0,Monday,8,23,False,2020-06-02 00:00:00,1
2020-06-08,13:12:00,21296.5,21310.9,21289.85,21309.05,0,0,Monday,8,23,False,2020-06-02 00:00:00,0
2020-06-08,13:13:00,21310.7,21351.0,21304.8,21333.3,0,0,Monday,8,23,False,2020-06-02 00:00:00,1
2020-06-09,10:02:00,21254.0,21319.1,21252.15,21295.15,0,0,Tuesday,9,23,False,2020-06-02 00:00:00,0
2020-06-09,10:03:00,21297.05,21352.6,21290.8,21329.75,0,0,Tuesday,9,23,False,2020-06-02 00:00:00,1
2020-06-09,12:57:00,21314.8,21332.25,21306.45,21332.25,0,0,Tuesday,9,23,False,2020-06-02 00:00:00,0
2020-06-09,12:58:00,21326.2,21334.2,21311.65,21317.15,0,0,Tuesday,9,23,False,2020-06-02 00:00:00,1
2020-06-09,13:03:00,21295.95,21310.15,21290.25,21306.35,0,0,Tuesday,9,23,False,2020-06-02 00:00:00,0
2020-06-09,13:04:00,21308.45,21346.95,21308.45,21333.25,0,0,Tuesday,9,23,False,2020-06-02 00:00:00,1
2020-06-10,09:17:00,20927.85,20928.95,20876.6,20876.6,0,0,Wednesday,10,24,True,2020-06-09 00:00:00,0
2020-06-10,15:13:00,21100.9,21115.3,21091.5,21106.05,0,0,Wednesday,10,24,True,2020-06-09 00:00:00,0
2020-06-10,15:14:00,21107.75,21170.35,21104.45,21167.05,0,0,Wednesday,10,24,True,2020-06-09 00:00:00,1
2020-06-11,09:31:00,21030.55,21046.55,21027.3,21043.95,0,0,Thursday,11,24,False,2020-06-09 00:00:00,0
2020-06-11,09:32:00,21041.6,21190.4,21041.6,21153.4,0,0,Thursday,11,24,False,2020-06-09 00:00:00,1
2020-06-11,09:51:00,21119.5,21131.3,21102.95,21125.95,0,0,Thursday,11,24,False,2020-06-09 00:00:00,0
2020-06-11,09:52:00,21127.3,21142.7,21120.15,21142.7,0,0,Thursday,11,24,False,2020-06-09 00:00:00,1
2020-06-17,09:17:00,20061.55,20091.75,20060.5,20074.2,0,0,Wednesday,17,25,True,2020-06-16 00:00:00,0
2020-06-17,09:33:00,20219.8,20264.95,20217.3,20260.25,0,0,Wednesday,17,25,True,2020-06-16 00:00:00,0
2020-06-17,09:34:00,20267.75,20306.55,20265.2,20270.2,0,0,Wednesday,17,25,True,2020-06-16 00:00:00,1
2020-06-17,09:36:00,20202.8,20250.5,20194.8,20247.8,0,0,Wednesday,17,25,True,2020-06-16 00:00:00,0
2020-06-17,09:37:00,20245.6,20321.85,20241.1,20298.5,0,0,Wednesday,17,25,True,2020-06-16 00:00:00,1
2020-06-17,09:54:00,20213.9,20260.15,20208.55,20249.65,0,0,Wednesday,17,25,True,2020-06-16 00:00:00,0
2020-06-17,09:55:00,20251.35,20293.45,20251.35,20266.65,0,0,Wednesday,17,25,True,2020-06-16 00:00:00,1
2020-06-17,09:59:00,20259.6,20274.9,20251.85,20273.65,0,0,Wednesday,17,25,True,2020-06-16 00:00:00,0
2020-06-17,10:00:00,20281.45,20295.1,20267.55,20269.6,0,0,Wednesday,17,25,True,2020-06-16 00:00:00,1
2020-06-17,10:02:00,20260.4,20289.2,20256.0,20283.8,0,0,Wednesday,17,25,True,2020-06-16 00:00:00,0
2020-06-17,10:03:00,20285.4,20384.6,20270.6,20384.6,0,0,Wednesday,17,25,True,2020-06-16 00:00:00,1
2020-06-17,10:32:00,20211.8,20241.4,20211.05,20222.9,0,0,Wednesday,17,25,True,2020-06-16 00:00:00,0
2020-06-17,10:33:00,20224.45,20296.65,20214.25,20275.6,0,0,Wednesday,17,25,True,2020-06-16 00:00:00,1
2020-06-17,11:17:00,20229.95,20252.25,20225.3,20247.55,0,0,Wednesday,17,25,True,2020-06-16 00:00:00,0
2020-06-17,11:18:00,20247.35,20305.55,20246.4,20304.55,0,0,Wednesday,17,25,True,2020-06-16 00:00:00,1
2020-06-17,11:52:00,20245.6,20282.35,20226.85,20278.9,0,0,Wednesday,17,25,True,2020-06-16 00:00:00,0
2020-06-17,11:53:00,20277.45,20355.65,20271.15,20353.5,0,0,Wednesday,17,25,True,2020-06-16 00:00:00,1
2020-06-17,15:01:00,20231.4,20236.5,20204.35,20234.75,0,0,Wednesday,17,25,True,2020-06-16 00:00:00,0
2020-06-17,15:02:00,20233.3,20298.45,20233.3,20293.4,0,0,Wednesday,17,25,True,2020-06-16 00:00:00,1
2020-06-18,10:14:00,20190.3,20223.3,20186.75,20223.3,0,0,Thursday,18,25,False,2020-06-16 00:00:00,0
2020-06-18,10:15:00,20224.45,20319.05,20219.05,20269.2,0,0,Thursday,18,25,False,2020-06-16 00:00:00,1
2020-06-18,10:21:00,20276.5,20284.55,20265.85,20275.55,0,0,Thursday,18,25,False,2020-06-16 00:00:00,0
2020-06-18,10:22:00,20274.0,20296.1,20268.7,20272.55,0,0,Thursday,18,25,False,2020-06-16 00:00:00,1
2020-06-18,11:59:00,20263.25,20279.6,20260.5,20279.6,0,0,Thursday,18,25,False,2020-06-16 00:00:00,0
2020-06-18,12:00:00,20279.55,20338.3,20279.0,20318.3,0,0,Thursday,18,25,False,2020-06-16 00:00:00,1
2020-06-18,12:33:00,20272.85,20292.0,20269.0,20290.05,0,0,Thursday,18,25,False,2020-06-16 00:00:00,0
2020-06-18,12:34:00,20291.45,20301.65,20287.85,20290.85,0,0,Thursday,18,25,False,2020-06-16 00:00:00,1
2020-06-18,12:35:00,20288.7,20288.7,20268.9,20279.2,0,0,Thursday,18,25,False,2020-06-16 00:00:00,0
2020-06-18,12:36:00,20277.8,20301.25,20272.35,20299.05,0,0,Thursday,18,25,False,2020-06-16 00:00:00,1
2020-07-01,09:17:00,21312.6,21348.7,21309.15,21344.35,0,0,Wednesday,1,27,True,2020-06-30 00:00:00,0
2020-07-01,09:58:00,21517.95,21554.85,21517.95,21554.85,0,0,Wednesday,1,27,True,2020-06-30 00:00:00,0
2020-07-01,09:59:00,21552.4,21580.65,21550.6,21569.5,0,0,Wednesday,1,27,True,2020-06-30 00:00:00,1
2020-07-01,10:06:00,21547.85,21552.15,21536.15,21548.7,0,0,Wednesday,1,27,True,2020-06-30 00:00:00,0
2020-07-01,10:07:00,21548.2,21565.35,21547.55,21554.75,0,0,Wednesday,1,27,True,2020-06-30 00:00:00,1
2020-07-01,10:08:00,21557.2,21557.65,21544.6,21547.75,0,0,Wednesday,1,27,True,2020-06-30 00:00:00,0
2020-07-01,10:09:00,21545.05,21563.45,21539.3,21563.25,0,0,Wednesday,1,27,True,2020-06-30 00:00:00,1
2020-07-01,10:19:00,21544.65,21560.2,21544.25,21556.2,0,0,Wednesday,1,27,True,2020-06-30 00:00:00,0
2020-07-01,10:20:00,21557.7,21571.45,21554.15,21569.25,0,0,Wednesday,1,27,True,2020-06-30 00:00:00,1
2020-07-01,10:35:00,21541.25,21561.55,21539.1,21561.4,0,0,Wednesday,1,27,True,2020-06-30 00:00:00,0
2020-07-01,10:36:00,21558.75,21563.25,21549.5,21562.85,0,0,Wednesday,1,27,True,2020-06-30 00:00:00,1
2020-07-01,11:03:00,21535.15,21552.25,21533.95,21544.75,0,0,Wednesday,1,27,True,2020-06-30 00:00:00,0
2020-07-01,11:04:00,21545.7,21562.3,21543.3,21562.1,0,0,Wednesday,1,27,True,2020-06-30 00:00:00,1
2020-07-01,11:07:00,21555.05,21561.2,21552.0,21555.2,0,0,Wednesday,1,27,True,2020-06-30 00:00:00,0
2020-07-01,11:08:00,21554.85,21575.2,21553.7,21575.2,0,0,Wednesday,1,27,True,2020-06-30 00:00:00,1
2020-07-01,11:15:00,21546.95,21552.2,21535.6,21551.75,0,0,Wednesday,1,27,True,2020-06-30 00:00:00,0
2020-07-01,11:16:00,21552.6,21565.05,21552.15,21557.7,0,0,Wednesday,1,27,True,2020-06-30 00:00:00,1
2020-07-01,11:22:00,21537.8,21545.9,21534.3,21545.9,0,0,Wednesday,1,27,True,2020-06-30 00:00:00,0
2020-07-01,11:23:00,21545.75,21563.35,21545.35,21561.85,0,0,Wednesday,1,27,True,2020-06-30 00:00:00,1
2020-07-08,09:17:00,22667.95,22715.5,22665.4,22714.3,0,0,Wednesday,8,28,True,2020-07-07 00:00:00,0
2020-07-08,12:40:00,22909.3,22936.4,22901.8,22932.9,0,0,Wednesday,8,28,True,2020-07-07 00:00:00,0
2020-07-08,12:41:00,22935.9,22950.9,22933.35,22942.15,0,0,Wednesday,8,28,True,2020-07-07 00:00:00,1
2020-07-08,12:44:00,22935.8,22942.4,22931.2,22939.6,0,0,Wednesday,8,28,True,2020-07-07 00:00:00,0
2020-07-08,12:45:00,22944.25,22970.55,22940.25,22967.1,0,0,Wednesday,8,28,True,2020-07-07 00:00:00,1
2020-07-08,13:26:00,22930.25,22930.85,22905.2,22908.75,0,0,Wednesday,8,28,True,2020-07-07 00:00:00,0
2020-07-08,13:27:00,22907.35,22942.9,22907.35,22937.6,0,0,Wednesday,8,28,True,2020-07-07 00:00:00,1
2020-07-08,13:28:00,22939.15,22940.8,22924.2,22940.8,0,0,Wednesday,8,28,True,2020-07-07 00:00:00,0
2020-07-08,13:29:00,22940.65,22964.95,22940.65,22964.15,0,0,Wednesday,8,28,True,2020-07-07 00:00:00,1
2020-07-09,14:49:00,22878.15,22922.5,22878.15,22916.3,0,0,Thursday,9,28,False,2020-07-07 00:00:00,0
2020-07-09,14:50:00,22915.55,22948.7,22915.55,22919.8,0,0,Thursday,9,28,False,2020-07-07 00:00:00,1
2020-07-09,15:18:00,22914.85,22939.4,22914.5,22935.8,0,0,Thursday,9,28,False,2020-07-07 00:00:00,0
2020-07-09,15:19:00,22938.35,22945.55,22932.6,22939.6,0,0,Thursday,9,28,False,2020-07-07 00:00:00,1
2020-07-15,09:17:00,21621.65,21621.65,21608.6,21613.45,0,0,Wednesday,15,29,True,2020-07-14 00:00:00,0
2020-07-15,10:17:00,21815.7,21835.6,21813.85,21825.6,0,0,Wednesday,15,29,True,2020-07-14 00:00:00,0
2020-07-15,10:18:00,21827.35,21847.45,21823.6,21847.45,0,0,Wednesday,15,29,True,2020-07-14 00:00:00,1
2020-07-15,10:41:00,21830.75,21837.05,21826.5,21834.45,0,0,Wednesday,15,29,True,2020-07-14 00:00:00,0
2020-07-15,10:42:00,21834.85,21842.95,21832.1,21841.05,0,0,Wednesday,15,29,True,2020-07-14 00:00:00,1
2020-07-15,10:54:00,21800.65,21808.45,21792.55,21808.45,0,0,Wednesday,15,29,True,2020-07-14 00:00:00,0
2020-07-15,10:55:00,21806.7,21838.4,21804.2,21837.85,0,0,Wednesday,15,29,True,2020-07-14 00:00:00,1
2020-07-15,11:11:00,21828.6,21836.65,21825.5,21832.2,0,0,Wednesday,15,29,True,2020-07-14 00:00:00,0
2020-07-15,11:12:00,21829.75,21848.35,21827.65,21846.55,0,0,Wednesday,15,29,True,2020-07-14 00:00:00,1
2020-07-15,11:19:00,21835.15,21835.15,21828.0,21832.3,0,0,Wednesday,15,29,True,2020-07-14 00:00:00,0
2020-07-15,11:20:00,21830.0,21849.55,21830.0,21848.45,0,0,Wednesday,15,29,True,2020-07-14 00:00:00,1
2020-07-15,13:28:00,21812.3,21832.4,21801.2,21830.25,0,0,Wednesday,15,29,True,2020-07-14 00:00:00,0
2020-07-15,13:29:00,21830.6,21841.8,21821.65,21827.15,0,0,Wednesday,15,29,True,2020-07-14 00:00:00,1
2020-07-17,10:14:00,21763.35,21833.3,21763.35,21821.1,0,0,Friday,17,29,False,2020-07-14 00:00:00,0
2020-07-17,10:15:00,21822.35,21844.1,21805.7,21827.95,0,0,Friday,17,29,False,2020-07-14 00:00:00,1
2020-07-17,14:48:00,21776.95,21814.7,21766.25,21814.7,0,0,Friday,17,29,False,2020-07-14 00:00:00,0
2020-07-17,14:49:00,21818.75,21859.95,21808.1,21848.85,0,0,Friday,17,29,False,2020-07-14 00:00:00,1
2020-07-17,14:59:00,21828.95,21833.7,21823.05,21832.55,0,0,Friday,17,29,False,2020-07-14 00:00:00,0
2020-07-17,15:00:00,21829.25,21870.85,21825.95,21862.0,0,0,Friday,17,29,False,2020-07-14 00:00:00,1
2020-08-05,09:17:00,21699.65,21713.5,21689.7,21704.25,0,0,Wednesday,5,32,True,2020-08-04 00:00:00,0
2020-08-05,09:51:00,21898.5,21919.5,21897.75,21915.05,0,0,Wednesday,5,32,True,2020-08-04 00:00:00,0
2020-08-05,09:52:00,21914.35,21936.5,21912.65,21929.95,0,0,Wednesday,5,32,True,2020-08-04 00:00:00,1
2020-08-10,09:19:00,21899.6,21927.35,21899.6,21904.95,0,0,Monday,10,32,False,2020-08-04 00:00:00,0
2020-08-10,09:20:00,21917.05,21938.5,21915.05,21932.1,0,0,Monday,10,32,False,2020-08-04 00:00:00,1
2020-08-10,10:27:00,21917.5,21922.0,21911.4,21918.4,0,0,Monday,10,32,False,2020-08-04 00:00:00,0
2020-08-10,10:28:00,21914.6,21931.35,21909.8,21929.8,0,0,Monday,10,32,False,2020-08-04 00:00:00,1
2020-08-10,14:08:00,21927.15,21928.3,21919.9,21922.5,0,0,Monday,10,32,False,2020-08-04 00:00:00,0
2020-08-10,14:09:00,21924.1,21939.4,21923.05,21934.15,0,0,Monday,10,32,False,2020-08-04 00:00:00,1
2020-08-10,14:53:00,21900.55,21914.7,21897.6,21914.7,0,0,Monday,10,32,False,2020-08-04 00:00:00,0
2020-08-10,14:54:00,21911.95,21944.05,21910.6,21944.05,0,0,Monday,10,32,False,2020-08-04 00:00:00,1
2020-08-10,15:23:00,21910.05,21925.05,21906.2,21919.15,0,0,Monday,10,32,False,2020-08-04 00:00:00,0
2020-08-10,15:24:00,21923.65,21933.3,21917.95,21930.5,0,0,Monday,10,32,False,2020-08-04 00:00:00,1
2020-08-12,09:17:00,22034.3,22055.55,22025.85,22046.6,0,0,Wednesday,12,33,True,2020-08-11 00:00:00,0
2020-08-12,12:37:00,22248.45,22261.0,22245.45,22259.85,0,0,Wednesday,12,33,True,2020-08-11 00:00:00,0
2020-08-12,12:38:00,22260.05,22282.05,22260.05,22263.25,0,0,Wednesday,12,33,True,2020-08-11 00:00:00,1
2020-08-12,12:46:00,22237.0,22266.15,22235.2,22264.05,0,0,Wednesday,12,33,True,2020-08-11 00:00:00,0
2020-08-12,12:47:00,22260.75,22276.7,22258.2,22275.25,0,0,Wednesday,12,33,True,2020-08-11 00:00:00,1
2020-08-12,14:10:00,22247.3,22261.95,22247.25,22260.0,0,0,Wednesday,12,33,True,2020-08-11 00:00:00,0
2020-08-12,14:11:00,22257.55,22287.05,22256.4,22287.05,0,0,Wednesday,12,33,True,2020-08-11 00:00:00,1
2020-08-12,14:23:00,22270.9,22274.5,22266.65,22270.4,0,0,Wednesday,12,33,True,2020-08-11 00:00:00,0
2020-08-12,14:24:00,22272.5,22283.55,22272.0,22283.2,0,0,Wednesday,12,33,True,2020-08-11 00:00:00,1
2020-08-12,14:39:00,22268.8,22272.15,22266.95,22271.6,0,0,Wednesday,12,33,True,2020-08-11 00:00:00,0
2020-08-12,14:40:00,22269.75,22303.9,22266.2,22295.2,0,0,Wednesday,12,33,True,2020-08-11 00:00:00,1
2020-08-12,14:51:00,22259.5,22270.5,22259.5,22270.0,0,0,Wednesday,12,33,True,2020-08-11 00:00:00,0
2020-08-12,14:52:00,22267.85,22277.65,22267.85,22271.25,0,0,Wednesday,12,33,True,2020-08-11 00:00:00,1
2020-08-12,14:57:00,22257.7,22263.35,22257.1,22261.95,0,0,Wednesday,12,33,True,2020-08-11 00:00:00,0
2020-08-12,14:58:00,22259.85,22277.55,22258.75,22273.55,0,0,Wednesday,12,33,True,2020-08-11 00:00:00,1
2020-08-12,15:01:00,22264.4,22265.65,22254.65,22261.3,0,0,Wednesday,12,33,True,2020-08-11 00:00:00,0
2020-08-12,15:02:00,22260.1,22285.7,22260.1,22281.8,0,0,Wednesday,12,33,True,2020-08-11 00:00:00,1
2020-08-12,15:07:00,22269.6,22276.05,22267.35,22273.35,0,0,Wednesday,12,33,True,2020-08-11 00:00:00,0
2020-08-12,15:08:00,22270.55,22282.9,22269.4,22282.9,0,0,Wednesday,12,33,True,2020-08-11 00:00:00,1
2020-08-13,12:45:00,22249.45,22264.05,22247.05,22261.5,0,0,Thursday,13,33,False,2020-08-11 00:00:00,0
2020-08-13,12:46:00,22262.95,22289.2,22261.75,22289.2,0,0,Thursday,13,33,False,2020-08-11 00:00:00,1
2020-08-13,12:52:00,22271.1,22273.5,22266.6,22272.75,0,0,Thursday,13,33,False,2020-08-11 00:00:00,0
2020-08-13,12:53:00,22274.05,22281.1,22271.05,22279.1,0,0,Thursday,13,33,False,2020-08-11 00:00:00,1
2020-08-13,13:14:00,22271.8,22273.55,22267.55,22271.55,0,0,Thursday,13,33,False,2020-08-11 00:00:00,0
2020-08-13,13:15:00,22272.05,22277.3,22264.8,22268.0,0,0,Thursday,13,33,False,2020-08-11 00:00:00,1
2020-08-13,13:45:00,22260.45,22271.95,22256.05,22271.7,0,0,Thursday,13,33,False,2020-08-11 00:00:00,0
2020-08-13,13:46:00,22279.6,22297.95,22275.4,22289.15,0,0,Thursday,13,33,False,2020-08-11 00:00:00,1
2020-08-13,14:01:00,22259.65,22268.35,22256.1,22263.55,0,0,Thursday,13,33,False,2020-08-11 00:00:00,0
2020-08-13,14:02:00,22263.35,22276.6,22262.1,22272.0,0,0,Thursday,13,33,False,2020-08-11 00:00:00,1
2020-08-14,09:23:00,22271.7,22271.7,22259.0,22269.05,0,0,Friday,14,33,False,2020-08-11 00:00:00,0
2020-08-14,09:24:00,22266.7,22276.2,22256.7,22256.7,0,0,Friday,14,33,False,2020-08-11 00:00:00,1
2020-08-26,09:17:00,23180.5,23229.75,23180.5,23226.6,0,0,Wednesday,26,35,True,2020-08-25 00:00:00,0
2020-08-31,14:45:00,23409.8,23433.9,23385.3,23432.35,0,0,Monday,31,35,False,2020-08-25 00:00:00,0
2020-08-31,14:46:00,23430.55,23502.5,23420.3,23487.25,0,0,Monday,31,35,False,2020-08-25 00:00:00,1
2020-09-23,09:17:00,21302.8,21321.55,21298.9,21316.8,0,0,Wednesday,23,39,True,2020-09-22 00:00:00,0
2020-09-28,11:25:00,21493.3,21510.35,21491.5,21507.95,0,0,Monday,28,39,False,2020-09-22 00:00:00,0
2020-09-28,11:26:00,21509.0,21538.45,21504.75,21524.0,0,0,Monday,28,39,False,2020-09-22 00:00:00,1
2020-09-28,11:27:00,21524.7,21528.65,21519.7,21525.15,0,0,Monday,28,39,False,2020-09-22 00:00:00,0
2020-09-28,11:28:00,21529.1,21560.1,21527.8,21548.6,0,0,Monday,28,39,False,2020-09-22 00:00:00,1
2020-09-28,11:42:00,21522.35,21525.95,21509.75,21519.5,0,0,Monday,28,39,False,2020-09-22 00:00:00,0
2020-09-28,11:43:00,21518.2,21537.6,21512.55,21528.55,0,0,Monday,28,39,False,2020-09-22 00:00:00,1
2020-09-28,12:29:00,21526.9,21527.75,21514.6,21514.6,0,0,Monday,28,39,False,2020-09-22 00:00:00,0
2020-09-28,12:30:00,21515.8,21535.1,21514.35,21527.6,0,0,Monday,28,39,False,2020-09-22 00:00:00,1
2020-09-28,12:57:00,21516.0,21527.3,21510.6,21512.25,0,0,Monday,28,39,False,2020-09-22 00:00:00,0
2020-09-28,12:58:00,21513.05,21550.9,21507.05,21548.5,0,0,Monday,28,39,False,2020-09-22 00:00:00,1
2020-09-29,09:38:00,21487.55,21522.6,21486.65,21521.65,0,0,Tuesday,29,39,False,2020-09-22 00:00:00,0
2020-09-29,09:39:00,21519.15,21542.85,21518.85,21531.75,0,0,Tuesday,29,39,False,2020-09-22 00:00:00,1
2020-09-29,14:16:00,21485.45,21527.15,21485.45,21519.0,0,0,Tuesday,29,39,False,2020-09-22 00:00:00,0
2020-09-29,14:17:00,21515.6,21549.9,21503.4,21548.3,0,0,Tuesday,29,39,False,2020-09-22 00:00:00,1
2020-09-29,14:19:00,21518.05,21519.55,21498.75,21502.95,0,0,Tuesday,29,39,False,2020-09-22 00:00:00,0
2020-09-29,14:20:00,21505.65,21535.05,21505.65,21535.05,0,0,Tuesday,29,39,False,2020-09-22 00:00:00,1
2020-09-29,14:26:00,21521.3,21532.2,21517.0,21531.8,0,0,Tuesday,29,39,False,2020-09-22 00:00:00,0
2020-09-29,14:27:00,21538.7,21557.5,21530.85,21539.35,0,0,Tuesday,29,39,False,2020-09-22 00:00:00,1
2020-09-29,14:39:00,21508.9,21525.5,21505.3,21517.15,0,0,Tuesday,29,39,False,2020-09-22 00:00:00,0
2020-09-29,14:40:00,21517.7,21545.55,21514.85,21538.7,0,0,Tuesday,29,39,False,2020-09-22 00:00:00,1
2020-09-30,09:17:00,21248.1,21256.85,21238.05,21244.75,0,0,Wednesday,30,40,True,2020-09-29 00:00:00,0
2020-09-30,10:56:00,21411.0,21450.8,21411.0,21427.3,0,0,Wednesday,30,40,True,2020-09-29 00:00:00,0
2020-09-30,10:57:00,21425.2,21472.85,21425.2,21460.0,0,0,Wednesday,30,40,True,2020-09-29 00:00:00,1
2020-09-30,14:12:00,21440.1,21449.5,21434.4,21440.8,0,0,Wednesday,30,40,True,2020-09-29 00:00:00,0
2020-09-30,14:13:00,21442.5,21480.45,21442.3,21468.4,0,0,Wednesday,30,40,True,2020-09-29 00:00:00,1
2020-09-30,14:29:00,21448.4,21460.9,21445.4,21460.2,0,0,Wednesday,30,40,True,2020-09-29 00:00:00,0
2020-09-30,14:30:00,21459.8,21473.7,21459.45,21470.75,0,0,Wednesday,30,40,True,2020-09-29 00:00:00,1
2020-09-30,14:43:00,21452.5,21468.3,21447.15,21468.05,0,0,Wednesday,30,40,True,2020-09-29 00:00:00,0
2020-09-30,14:44:00,21468.3,21471.5,21452.55,21468.5,0,0,Wednesday,30,40,True,2020-09-29 00:00:00,1
2020-09-30,15:04:00,21450.15,21461.45,21442.5,21459.9,0,0,Wednesday,30,40,True,2020-09-29 00:00:00,0
2020-09-30,15:05:00,21458.4,21472.8,21451.6,21463.1,0,0,Wednesday,30,40,True,2020-09-29 00:00:00,1
2020-09-30,15:09:00,21455.75,21466.1,21454.5,21461.5,0,0,Wednesday,30,40,True,2020-09-29 00:00:00,0
2020-09-30,15:10:00,21460.55,21483.15,21459.9,21466.75,0,0,Wednesday,30,40,True,2020-09-29 00:00:00,1
2020-09-30,15:19:00,21460.7,21463.75,21453.95,21459.65,0,0,Wednesday,30,40,True,2020-09-29 00:00:00,0
2020-09-30,15:20:00,21459.35,21478.05,21458.1,21470.7,0,0,Wednesday,30,40,True,2020-09-29 00:00:00,1
2020-10-07,09:17:00,22750.6,22756.0,22692.9,22701.6,0,0,Wednesday,7,41,True,2020-10-06 00:00:00,0
2020-10-07,09:59:00,22951.75,22958.6,22938.65,22939.45,0,0,Wednesday,7,41,True,2020-10-06 00:00:00,0
2020-10-07,10:00:00,22941.95,22988.1,22941.95,22985.35,0,0,Wednesday,7,41,True,2020-10-06 00:00:00,1
2020-10-07,12:48:00,22961.0,22979.2,22961.0,22978.85,0,0,Wednesday,7,41,True,2020-10-06 00:00:00,0
2020-10-07,12:49:00,22977.7,22988.7,22977.7,22980.7,0,0,Wednesday,7,41,True,2020-10-06 00:00:00,1
2020-10-07,12:58:00,22963.75,22975.0,22962.05,22975.0,0,0,Wednesday,7,41,True,2020-10-06 00:00:00,0
2020-10-07,12:59:00,22974.35,22984.1,22973.55,22976.25,0,0,Wednesday,7,41,True,2020-10-06 00:00:00,1
2020-10-07,14:31:00,22956.3,22963.4,22949.1,22962.3,0,0,Wednesday,7,41,True,2020-10-06 00:00:00,0
2020-10-07,14:32:00,22958.6,23020.75,22958.6,23014.95,0,0,Wednesday,7,41,True,2020-10-06 00:00:00,1
2020-10-07,14:38:00,22968.3,22970.75,22953.8,22963.55,0,0,Wednesday,7,41,True,2020-10-06 00:00:00,0
2020-10-07,14:39:00,22960.5,22993.05,22960.5,22983.1,0,0,Wednesday,7,41,True,2020-10-06 00:00:00,1
2020-10-07,15:20:00,22970.1,22981.2,22964.3,22978.65,0,0,Wednesday,7,41,True,2020-10-06 00:00:00,0
2020-10-07,15:21:00,22976.2,23000.05,22972.45,22979.15,0,0,Wednesday,7,41,True,2020-10-06 00:00:00,1
2020-10-07,15:24:00,22973.55,22977.9,22967.5,22969.1,0,0,Wednesday,7,41,True,2020-10-06 00:00:00,0
2020-10-07,15:25:00,22968.8,22983.65,22966.25,22973.3,0,0,Wednesday,7,41,True,2020-10-06 00:00:00,1
2020-10-14,09:17:00,23315.55,23320.45,23287.85,23320.45,0,0,Wednesday,14,42,True,2020-10-13 00:00:00,0
2020-10-14,14:20:00,23410.7,23482.3,23410.7,23465.35,0,0,Wednesday,14,42,True,2020-10-13 00:00:00,0
2020-10-14,14:21:00,23465.05,23557.1,23465.05,23548.55,0,0,Wednesday,14,42,True,2020-10-13 00:00:00,1
2020-10-16,12:41:00,23541.4,23541.4,23531.2,23536.35,0,0,Friday,16,42,False,2020-10-13 00:00:00,0
2020-10-16,12:42:00,23536.7,23582.6,23536.7,23553.9,0,0,Friday,16,42,False,2020-10-13 00:00:00,1
2020-10-16,12:54:00,23513.95,23541.2,23499.6,23535.4,0,0,Friday,16,42,False,2020-10-13 00:00:00,0
2020-10-16,12:55:00,23536.75,23572.55,23524.45,23571.4,0,0,Friday,16,42,False,2020-10-13 00:00:00,1
2020-10-16,12:59:00,23545.95,23552.3,23525.2,23546.95,0,0,Friday,16,42,False,2020-10-13 00:00:00,0
2020-10-16,13:00:00,23546.4,23555.65,23536.65,23537.85,0,0,Friday,16,42,False,2020-10-13 00:00:00,1
2020-10-16,13:01:00,23535.2,23539.35,23532.05,23534.4,0,0,Friday,16,42,False,2020-10-13 00:00:00,0
2020-10-16,13:02:00,23534.85,23553.8,23531.4,23547.45,0,0,Friday,16,42,False,2020-10-13 00:00:00,1
2020-10-16,13:07:00,23542.75,23546.45,23530.5,23532.65,0,0,Friday,16,42,False,2020-10-13 00:00:00,0
2020-10-16,13:08:00,23531.65,23558.7,23530.0,23558.2,0,0,Friday,16,42,False,2020-10-13 00:00:00,1
2020-10-16,13:13:00,23534.0,23541.5,23530.65,23540.75,0,0,Friday,16,42,False,2020-10-13 00:00:00,0
2020-10-16,13:14:00,23539.55,23553.8,23539.2,23548.1,0,0,Friday,16,42,False,2020-10-13 00:00:00,1
2020-10-16,13:53:00,23462.0,23546.05,23461.4,23527.45,0,0,Friday,16,42,False,2020-10-13 00:00:00,0
2020-10-16,13:54:00,23525.05,23563.35,23522.6,23548.3,0,0,Friday,16,42,False,2020-10-13 00:00:00,1
2020-10-16,13:57:00,23530.15,23552.45,23530.15,23540.55,0,0,Friday,16,42,False,2020-10-13 00:00:00,0
2020-10-16,13:58:00,23538.15,23556.15,23534.5,23551.45,0,0,Friday,16,42,False,2020-10-13 00:00:00,1
2020-10-16,14:02:00,23532.2,23540.0,23513.85,23538.55,0,0,Friday,16,42,False,2020-10-13 00:00:00,0
2020-10-16,14:03:00,23540.5,23561.65,23535.4,23560.6,0,0,Friday,16,42,False,2020-10-13 00:00:00,1
2020-10-16,14:06:00,23544.65,23548.55,23531.4,23535.65,0,0,Friday,16,42,False,2020-10-13 00:00:00,0
2020-10-16,14:07:00,23537.4,23557.25,23537.4,23547.7,0,0,Friday,16,42,False,2020-10-13 00:00:00,1
2020-10-16,14:29:00,23509.75,23546.85,23507.45,23534.8,0,0,Friday,16,42,False,2020-10-13 00:00:00,0
2020-10-16,14:30:00,23535.25,23596.4,23533.85,23593.05,0,0,Friday,16,42,False,2020-10-13 00:00:00,1
2020-10-16,14:38:00,23507.4,23548.3,23507.4,23541.0,0,0,Friday,16,42,False,2020-10-13 00:00:00,0
2020-10-16,14:39:00,23536.7,23554.3,23536.7,23545.25,0,0,Friday,16,42,False,2020-10-13 00:00:00,1
2020-10-16,14:50:00,23523.45,23531.25,23520.15,23531.25,0,0,Friday,16,42,False,2020-10-13 00:00:00,0
2020-10-16,14:51:00,23533.0,23563.25,23524.05,23552.35,0,0,Friday,16,42,False,2020-10-13 00:00:00,1
2020-10-16,15:02:00,23529.7,23547.5,23517.9,23547.5,0,0,Friday,16,42,False,2020-10-13 00:00:00,0
2020-10-16,15:03:00,23548.9,23564.45,23544.15,23563.6,0,0,Friday,16,42,False,2020-10-13 00:00:00,1
2020-10-16,15:12:00,23540.8,23541.1,23523.7,23538.4,0,0,Friday,16,42,False,2020-10-13 00:00:00,0
2020-10-16,15:13:00,23544.8,23555.3,23532.45,23555.3,0,0,Friday,16,42,False,2020-10-13 00:00:00,1
2020-10-28,09:17:00,24580.0,24581.2,24550.1,24571.6,0,0,Wednesday,28,44,True,2020-10-27 00:00:00,0
2020-11-02,14:15:00,24765.35,24813.1,24765.35,24802.25,0,0,Monday,2,44,False,2020-10-27 00:00:00,0
2020-11-02,14:16:00,24806.45,24900.7,24803.1,24878.6,0,0,Monday,2,44,False,2020-10-27 00:00:00,1
2020-11-02,15:16:00,24783.6,24813.3,24783.6,24810.4,0,0,Monday,2,44,False,2020-10-27 00:00:00,0
2020-11-02,15:17:00,24804.35,24861.5,24800.9,24861.5,0,0,Monday,2,44,False,2020-10-27 00:00:00,1
2020-11-11,09:17:00,28738.3,28790.95,28733.9,28757.3,0,0,Wednesday,11,46,True,2020-11-10 00:00:00,0
2020-11-17,09:50:00,29052.1,29067.95,29047.45,29055.1,0,0,Tuesday,17,46,False,2020-11-10 00:00:00,0
2020-11-17,09:51:00,29057.7,29086.65,29052.0,29084.25,0,0,Tuesday,17,46,False,2020-11-10 00:00:00,1
2020-11-17,10:01:00,29028.4,29055.4,29022.7,29055.4,0,0,Tuesday,17,46,False,2020-11-10 00:00:00,0
2020-11-17,10:02:00,29057.1,29079.6,29052.55,29052.55,0,0,Tuesday,17,46,False,2020-11-10 00:00:00,1
2020-11-17,14:23:00,29053.15,29070.1,29050.25,29070.1,0,0,Tuesday,17,46,False,2020-11-10 00:00:00,0
2020-11-17,14:24:00,29069.8,29080.7,29062.85,29063.7,0,0,Tuesday,17,46,False,2020-11-10 00:00:00,1
2020-11-17,14:46:00,29067.7,29072.25,29060.35,29072.25,0,0,Tuesday,17,46,False,2020-11-10 00:00:00,0
2020-11-17,14:47:00,29073.55,29082.8,29070.6,29078.4,0,0,Tuesday,17,46,False,2020-11-10 00:00:00,1
2020-11-18,09:17:00,29283.4,29325.45,29266.55,29301.8,0,0,Wednesday,18,47,True,2020-11-17 00:00:00,0
2020-11-18,13:44:00,29580.85,29618.1,29580.2,29615.5,0,0,Wednesday,18,47,True,2020-11-17 00:00:00,0
2020-11-18,13:45:00,29612.6,29656.95,29609.8,29656.0,0,0,Wednesday,18,47,True,2020-11-17 00:00:00,1
2020-11-19,09:43:00,29583.75,29615.7,29582.45,29602.95,0,0,Thursday,19,47,False,2020-11-17 00:00:00,0
2020-11-19,09:44:00,29601.6,29625.0,29592.15,29619.05,0,0,Thursday,19,47,False,2020-11-17 00:00:00,1
2020-11-24,10:49:00,29575.25,29610.7,29573.3,29607.75,0,0,Tuesday,24,47,False,2020-11-17 00:00:00,0
2020-11-24,10:50:00,29607.3,29625.95,29607.1,29618.65,0,0,Tuesday,24,47,False,2020-11-17 00:00:00,1
2020-11-24,10:58:00,29594.2,29612.15,29594.2,29609.2,0,0,Tuesday,24,47,False,2020-11-17 00:00:00,0
2020-11-24,10:59:00,29611.85,29621.3,29608.2,29612.15,0,0,Tuesday,24,47,False,2020-11-17 00:00:00,1
2020-11-24,11:54:00,29592.05,29593.4,29577.4,29584.45,0,0,Tuesday,24,47,False,2020-11-17 00:00:00,0
2020-11-24,11:55:00,29585.45,29632.35,29585.45,29620.25,0,0,Tuesday,24,47,False,2020-11-17 00:00:00,1
2020-11-24,14:00:00,29583.3,29593.3,29575.7,29591.65,0,0,Tuesday,24,47,False,2020-11-17 00:00:00,0
2020-11-24,14:01:00,29590.9,29624.25,29590.9,29611.7,0,0,Tuesday,24,47,False,2020-11-17 00:00:00,1
2020-11-24,14:17:00,29596.45,29600.0,29585.45,29597.95,0,0,Tuesday,24,47,False,2020-11-17 00:00:00,0
2020-11-24,14:18:00,29594.85,29654.2,29590.35,29648.45,0,0,Tuesday,24,47,False,2020-11-17 00:00:00,1
2020-12-02,09:17:00,29748.85,29762.05,29735.9,29739.55,0,0,Wednesday,2,49,True,2020-12-01 00:00:00,0
2020-12-04,14:58:00,30025.6,30035.05,29999.7,30034.7,0,0,Friday,4,49,False,2020-12-01 00:00:00,0
2020-12-04,14:59:00,30035.55,30061.25,30028.05,30057.8,0,0,Friday,4,49,False,2020-12-01 00:00:00,1
2020-12-04,15:19:00,30034.55,30035.45,30024.8,30030.0,0,0,Friday,4,49,False,2020-12-01 00:00:00,0
2020-12-04,15:20:00,30030.2,30089.55,30030.2,30084.9,0,0,Friday,4,49,False,2020-12-01 00:00:00,1
2020-12-07,09:32:00,30048.25,30048.25,30021.25,30043.1,0,0,Monday,7,49,False,2020-12-01 00:00:00,0
2020-12-07,09:33:00,30038.45,30073.15,30038.45,30071.65,0,0,Monday,7,49,False,2020-12-01 00:00:00,1
2020-12-07,10:01:00,30022.75,30040.95,30012.9,30036.35,0,0,Monday,7,49,False,2020-12-01 00:00:00,0
2020-12-07,10:02:00,30033.9,30063.6,30030.7,30061.55,0,0,Monday,7,49,False,2020-12-01 00:00:00,1
2020-12-07,10:06:00,30034.65,30052.35,30034.65,30047.4,0,0,Monday,7,49,False,2020-12-01 00:00:00,0
2020-12-07,10:07:00,30047.1,30074.3,30047.1,30054.25,0,0,Monday,7,49,False,2020-12-01 00:00:00,1
2020-12-07,10:38:00,30029.6,30040.45,30026.6,30040.05,0,0,Monday,7,49,False,2020-12-01 00:00:00,0
2020-12-07,10:39:00,30042.85,30068.35,30038.65,30062.75,0,0,Monday,7,49,False,2020-12-01 00:00:00,1
2020-12-07,10:43:00,30038.65,30055.7,30035.35,30046.7,0,0,Monday,7,49,False,2020-12-01 00:00:00,0
2020-12-07,10:44:00,30042.45,30076.5,30042.45,30065.45,0,0,Monday,7,49,False,2020-12-01 00:00:00,1
2020-12-07,10:52:00,30011.0,30052.8,30011.0,30052.25,0,0,Monday,7,49,False,2020-12-01 00:00:00,0
2020-12-07,10:53:00,30047.65,30081.95,30045.9,30071.0,0,0,Monday,7,49,False,2020-12-01 00:00:00,1
2020-12-07,11:00:00,30041.0,30052.25,30039.1,30051.1,0,0,Monday,7,49,False,2020-12-01 00:00:00,0
2020-12-07,11:01:00,30048.15,30061.55,30048.15,30059.75,0,0,Monday,7,49,False,2020-12-01 00:00:00,1
2020-12-07,12:07:00,30020.9,30035.15,30019.2,30035.15,0,0,Monday,7,49,False,2020-12-01 00:00:00,0
2020-12-07,12:08:00,30028.15,30157.45,30028.15,30142.1,0,0,Monday,7,49,False,2020-12-01 00:00:00,1
2020-12-08,11:31:00,30036.2,30045.8,30026.8,30029.05,0,0,Tuesday,8,49,False,2020-12-01 00:00:00,0
2020-12-08,11:32:00,30028.55,30071.7,30025.2,30068.25,0,0,Tuesday,8,49,False,2020-12-01 00:00:00,1
2020-12-09,09:17:00,30401.95,30429.1,30401.95,30407.65,0,0,Wednesday,9,50,True,2020-12-08 00:00:00,0
2020-12-09,14:10:00,30716.35,30731.4,30712.25,30727.25,0,0,Wednesday,9,50,True,2020-12-08 00:00:00,0
2020-12-09,14:11:00,30727.5,30733.95,30713.3,30717.4,0,0,Wednesday,9,50,True,2020-12-08 00:00:00,1
2020-12-09,14:12:00,30721.85,30721.85,30708.6,30710.65,0,0,Wednesday,9,50,True,2020-12-08 00:00:00,0
2020-12-09,14:13:00,30712.05,30755.6,30708.85,30737.1,0,0,Wednesday,9,50,True,2020-12-08 00:00:00,1
2020-12-09,14:31:00,30723.4,30731.9,30719.45,30725.75,0,0,Wednesday,9,50,True,2020-12-08 00:00:00,0
2020-12-09,14:32:00,30728.5,30745.9,30721.8,30737.0,0,0,Wednesday,9,50,True,2020-12-08 00:00:00,1
2020-12-09,15:11:00,30689.0,30713.45,30689.0,30711.7,0,0,Wednesday,9,50,True,2020-12-08 00:00:00,0
2020-12-09,15:12:00,30712.9,30734.0,30711.45,30728.85,0,0,Wednesday,9,50,True,2020-12-08 00:00:00,1
2020-12-09,15:19:00,30713.3,30722.5,30710.45,30718.65,0,0,Wednesday,9,50,True,2020-12-08 00:00:00,0
2020-12-09,15:20:00,30718.2,30736.35,30705.6,30729.65,0,0,Wednesday,9,50,True,2020-12-08 00:00:00,1
2020-12-11,09:28:00,30714.75,30731.5,30714.3,30719.1,0,0,Friday,11,50,False,2020-12-08 00:00:00,0
2020-12-11,09:29:00,30720.95,30746.2,30711.4,30717.05,0,0,Friday,11,50,False,2020-12-08 00:00:00,1
2020-12-11,10:10:00,30715.55,30718.25,30707.55,30715.0,0,0,Friday,11,50,False,2020-12-08 00:00:00,0
2020-12-11,10:11:00,30716.15,30740.95,30715.75,30732.0,0,0,Friday,11,50,False,2020-12-08 00:00:00,1
2020-12-11,10:18:00,30694.3,30724.05,30693.7,30724.05,0,0,Friday,11,50,False,2020-12-08 00:00:00,0
2020-12-11,10:19:00,30724.4,30740.45,30720.95,30738.9,0,0,Friday,11,50,False,2020-12-08 00:00:00,1
2020-12-11,10:25:00,30722.05,30727.45,30715.9,30727.45,0,0,Friday,11,50,False,2020-12-08 00:00:00,0
2020-12-11,10:26:00,30726.4,30744.85,30726.4,30738.7,0,0,Friday,11,50,False,2020-12-08 00:00:00,1
2020-12-11,10:35:00,30712.45,30726.0,30709.85,30720.8,0,0,Friday,11,50,False,2020-12-08 00:00:00,0
2020-12-11,10:36:00,30721.75,30739.1,30716.65,30716.65,0,0,Friday,11,50,False,2020-12-08 00:00:00,1
2020-12-11,12:48:00,30698.8,30717.25,30697.5,30717.25,0,0,Friday,11,50,False,2020-12-08 00:00:00,0
2020-12-11,12:49:00,30718.45,30734.3,30717.15,30725.8,0,0,Friday,11,50,False,2020-12-08 00:00:00,1
2020-12-14,10:00:00,30692.35,30700.15,30672.5,30697.95,0,0,Monday,14,50,False,2020-12-08 00:00:00,0
2020-12-14,10:01:00,30704.5,30735.2,30700.7,30734.15,0,0,Monday,14,50,False,2020-12-08 00:00:00,1
2020-12-14,10:06:00,30704.6,30730.25,30699.3,30726.75,0,0,Monday,14,50,False,2020-12-08 00:00:00,0
2020-12-14,10:07:00,30724.65,30742.85,30719.75,30742.85,0,0,Monday,14,50,False,2020-12-08 00:00:00,1
2020-12-14,10:13:00,30701.35,30714.2,30697.05,30714.2,0,0,Monday,14,50,False,2020-12-08 00:00:00,0
2020-12-14,10:14:00,30713.7,30737.85,30712.5,30725.3,0,0,Monday,14,50,False,2020-12-08 00:00:00,1
2020-12-14,10:20:00,30718.7,30720.8,30698.95,30720.8,0,0,Monday,14,50,False,2020-12-08 00:00:00,0
2020-12-14,10:21:00,30725.5,30756.55,30725.5,30750.55,0,0,Monday,14,50,False,2020-12-08 00:00:00,1
2020-12-14,10:40:00,30722.8,30723.4,30710.1,30710.25,0,0,Monday,14,50,False,2020-12-08 00:00:00,0
2020-12-14,10:41:00,30712.05,30738.25,30702.5,30733.35,0,0,Monday,14,50,False,2020-12-08 00:00:00,1
2020-12-14,10:58:00,30706.35,30730.05,30697.9,30724.7,0,0,Monday,14,50,False,2020-12-08 00:00:00,0
2020-12-14,10:59:00,30723.7,30753.0,30720.65,30748.2,0,0,Monday,14,50,False,2020-12-08 00:00:00,1
2020-12-14,11:32:00,30678.0,30699.7,30678.0,30699.7,0,0,Monday,14,50,False,2020-12-08 00:00:00,0
2020-12-14,11:33:00,30699.95,30750.75,30697.25,30733.9,0,0,Monday,14,50,False,2020-12-08 00:00:00,1
2020-12-14,12:01:00,30707.4,30725.3,30707.4,30721.0,0,0,Monday,14,50,False,2020-12-08 00:00:00,0
2020-12-14,12:02:00,30723.2,30735.9,30718.9,30726.35,0,0,Monday,14,50,False,2020-12-08 00:00:00,1
2020-12-14,12:07:00,30713.15,30730.0,30712.05,30730.0,0,0,Monday,14,50,False,2020-12-08 00:00:00,0
2020-12-14,12:08:00,30730.1,30736.0,30724.4,30727.5,0,0,Monday,14,50,False,2020-12-08 00:00:00,1
2020-12-14,12:09:00,30729.1,30731.0,30708.35,30720.1,0,0,Monday,14,50,False,2020-12-08 00:00:00,0
2020-12-14,12:10:00,30719.05,30744.45,30716.65,30744.45,0,0,Monday,14,50,False,2020-12-08 00:00:00,1
2020-12-14,13:05:00,30690.0,30720.1,30687.85,30703.35,0,0,Monday,14,50,False,2020-12-08 00:00:00,0
2020-12-14,13:06:00,30699.5,30741.25,30699.5,30733.5,0,0,Monday,14,50,False,2020-12-08 00:00:00,1
2020-12-23,09:17:00,29492.35,29513.95,29477.65,29513.5,0,0,Wednesday,23,52,True,2020-12-22 00:00:00,0
2020-12-23,10:32:00,29755.95,29795.6,29751.6,29788.8,0,0,Wednesday,23,52,True,2020-12-22 00:00:00,0
2020-12-23,10:33:00,29792.2,29814.75,29790.25,29808.25,0,0,Wednesday,23,52,True,2020-12-22 00:00:00,1
2020-12-23,10:38:00,29792.0,29796.1,29784.35,29784.35,0,0,Wednesday,23,52,True,2020-12-22 00:00:00,0
2020-12-23,10:39:00,29785.75,29844.05,29783.95,29835.8,0,0,Wednesday,23,52,True,2020-12-22 00:00:00,1
2020-12-23,10:49:00,29783.15,29799.65,29781.2,29796.95,0,0,Wednesday,23,52,True,2020-12-22 00:00:00,0
2020-12-23,10:50:00,29797.35,29833.1,29795.2,29829.05,0,0,Wednesday,23,52,True,2020-12-22 00:00:00,1
2020-12-23,11:04:00,29799.9,29808.55,29799.05,29803.9,0,0,Wednesday,23,52,True,2020-12-22 00:00:00,0
2020-12-23,11:05:00,29802.7,29815.3,29800.7,29808.85,0,0,Wednesday,23,52,True,2020-12-22 00:00:00,1
2020-12-23,12:35:00,29781.4,29809.0,29779.65,29798.2,0,0,Wednesday,23,52,True,2020-12-22 00:00:00,0
2020-12-23,12:36:00,29800.5,29820.25,29800.4,29820.25,0,0,Wednesday,23,52,True,2020-12-22 00:00:00,1
2020-12-23,13:16:00,29755.6,29782.25,29755.6,29776.9,0,0,Wednesday,23,52,True,2020-12-22 00:00:00,0
2020-12-23,13:17:00,29780.4,29821.9,29778.25,29797.85,0,0,Wednesday,23,52,True,2020-12-22 00:00:00,1
2020-12-23,13:31:00,29776.65,29801.05,29771.05,29795.9,0,0,Wednesday,23,52,True,2020-12-22 00:00:00,0
2020-12-23,13:32:00,29793.65,29820.8,29791.85,29813.95,0,0,Wednesday,23,52,True,2020-12-22 00:00:00,1
2020-12-23,14:09:00,29794.8,29796.2,29783.8,29790.35,0,0,Wednesday,23,52,True,2020-12-22 00:00:00,0
2020-12-23,14:10:00,29790.3,29810.35,29779.1,29809.1,0,0,Wednesday,23,52,True,2020-12-22 00:00:00,1
2020-12-23,14:12:00,29785.15,29806.15,29785.15,29798.4,0,0,Wednesday,23,52,True,2020-12-22 00:00:00,0
2020-12-23,14:13:00,29799.7,29829.05,29797.3,29825.95,0,0,Wednesday,23,52,True,2020-12-22 00:00:00,1
2020-12-23,14:36:00,29794.95,29798.3,29788.75,29793.7,0,0,Wednesday,23,52,True,2020-12-22 00:00:00,0
2020-12-23,14:37:00,29792.55,29820.25,29792.55,29819.4,0,0,Wednesday,23,52,True,2020-12-22 00:00:00,1
